race_id,office,state,district,pvi,redistricted,incumbent,incumbent_party
H-AK-01,house,AK,1,-6.0,False,Nick Begich III,R
H-AL-01,house,AL,1,-17.0,False,,
H-AL-02,house,AL,2,-7.0,True,Shomari Figures,D
H-AL-03,house,AL,3,-23.0,False,Mike Rogers,R
H-AL-04,house,AL,4,-33.0,False,Robert Aderholt,R
H-AL-05,house,AL,5,-15.0,False,Dale Strong,R
H-AL-06,house,AL,6,-17.0,False,Gary Palmer,R
H-AL-07,house,AL,7,10.0,False,Terri Sewell,D
H-AR-01,house,AR,1,-23.0,False,Rick Crawford,R
H-AR-02,house,AR,2,-8.0,False,French Hill,R
H-AR-03,house,AR,3,-13.0,False,Steve Womack,R
H-AR-04,house,AR,4,-20.0,False,Bruce Westerman,R
H-AZ-01,house,AZ,1,-1.0,False,David Schweikert,R
H-AZ-02,house,AZ,2,-7.0,False,Eli Crane,R
H-AZ-03,house,AZ,3,22.0,False,Yassamin Ansari,D
H-AZ-04,house,AZ,4,4.0,False,Greg Stanton,D
H-AZ-05,house,AZ,5,-10.0,False,Andy Biggs,R
H-AZ-06,house,AZ,6,0.0,False,Juan Ciscomani,R
H-AZ-07,house,AZ,7,13.0,False,Adelita Grijalva,D
H-AZ-08,house,AZ,8,-8.0,False,Abraham Hamadeh,R
H-AZ-09,house,AZ,9,-15.0,False,Paul Gosar,R
H-CA-01,house,CA,1,7.0,True,James Gallagher,R
H-CA-02,house,CA,2,13.0,False,Jared Huffman,D
H-CA-03,house,CA,3,6.0,True,Ami Bera,D
H-CA-04,house,CA,4,8.0,False,Mike Thompson,D
H-CA-05,house,CA,5,-10.0,False,Tom McClintock,R
H-CA-06,house,CA,6,5.0,False,Kevin Kiley,O
H-CA-07,house,CA,7,7.0,False,Doris Matsui,D
H-CA-08,house,CA,8,19.0,False,John Garamendi,D
H-CA-09,house,CA,9,8.0,False,Josh Harder,D
H-CA-10,house,CA,10,18.0,False,Mark DeSaulnier,D
H-CA-11,house,CA,11,36.0,False,Nancy Pelosi,D
H-CA-12,house,CA,12,39.0,False,Lateefah Simon,D
H-CA-13,house,CA,13,2.0,False,Adam Gray,D
H-CA-14,house,CA,14,19.0,False,Aisha Wahab,D
H-CA-15,house,CA,15,26.0,False,Kevin Mullin,D
H-CA-16,house,CA,16,25.0,False,Sam Liccardo,D
H-CA-17,house,CA,17,21.0,False,Ro Khanna,D
H-CA-18,house,CA,18,16.0,False,Zoe Lofgren,D
H-CA-19,house,CA,19,18.0,False,Jimmy Panetta,D
H-CA-20,house,CA,20,-16.0,False,Vince Fong,R
H-CA-21,house,CA,21,5.0,False,Jim Costa,D
H-CA-22,house,CA,22,1.0,False,David Valadao,R
H-CA-23,house,CA,23,-9.0,False,Jay Obernolte,R
H-CA-24,house,CA,24,13.0,False,Salud Carbajal,D
H-CA-25,house,CA,25,4.0,False,Raul Ruiz,D
H-CA-26,house,CA,26,9.0,False,Julia Brownley,D
H-CA-27,house,CA,27,6.0,False,George T. Whitesides,D
H-CA-28,house,CA,28,14.0,False,Judy Chu,D
H-CA-29,house,CA,29,19.0,False,Luz Rivas,D
H-CA-30,house,CA,30,21.0,False,Laura Friedman,D
H-CA-31,house,CA,31,8.0,False,Gil Cisneros,D
H-CA-32,house,CA,32,14.0,False,Brad Sherman,D
H-CA-33,house,CA,33,7.0,False,Pete Aguilar,D
H-CA-34,house,CA,34,28.0,False,Jimmy Gomez,D
H-CA-35,house,CA,35,6.0,False,Norma Torres,D
H-CA-36,house,CA,36,21.0,False,Ted Lieu,D
H-CA-37,house,CA,37,33.0,False,Sydney Kamlager-Dove,D
H-CA-38,house,CA,38,8.0,False,,
H-CA-39,house,CA,39,7.0,False,Mark Takano,D
H-CA-40,house,CA,40,-6.0,False,Young Kim,R
H-CA-41,house,CA,41,9.0,True,Linda Sánchez,D
H-CA-42,house,CA,42,8.0,False,Robert Garcia,D
H-CA-43,house,CA,43,27.0,False,Maxine Waters,D
H-CA-44,house,CA,44,20.0,False,Nanette Barragán,D
H-CA-45,house,CA,45,3.0,False,Derek Tran,D
H-CA-46,house,CA,46,10.0,False,Lou Correa,D
H-CA-47,house,CA,47,6.0,False,Dave Min,D
H-CA-48,house,CA,48,2.0,True,Darrell Issa,R
H-CA-49,house,CA,49,7.0,False,Mike Levin,D
H-CA-50,house,CA,50,10.0,False,Scott Peters,D
H-CA-51,house,CA,51,10.0,False,Sara Jacobs,D
H-CA-52,house,CA,52,11.0,False,Juan Vargas,D
H-CO-01,house,CO,1,29.0,False,Diana DeGette,D
H-CO-02,house,CO,2,20.0,False,Joe Neguse,D
H-CO-03,house,CO,3,-5.0,False,Jeff Hurd,R
H-CO-04,house,CO,4,-9.0,False,Lauren Boebert,R
H-CO-05,house,CO,5,-5.0,False,Jeff Crank,R
H-CO-06,house,CO,6,11.0,False,Jason Crow,D
H-CO-07,house,CO,7,8.0,False,Brittany Pettersen,D
H-CO-08,house,CO,8,0.0,False,Gabe Evans,R
H-CT-01,house,CT,1,12.0,False,John B. Larson,D
H-CT-02,house,CT,2,4.0,False,Joe Courtney,D
H-CT-03,house,CT,3,8.0,False,Rosa DeLauro,D
H-CT-04,house,CT,4,13.0,False,Jim Himes,D
H-CT-05,house,CT,5,3.0,False,Jahana Hayes,D
H-DE-01,house,DE,1,8.0,False,Sarah McBride,D
H-FL-01,house,FL,1,-18.0,False,Jimmy Patronis,R
H-FL-02,house,FL,2,-8.0,False,Neal Dunn,R
H-FL-03,house,FL,3,-10.0,False,Kat Cammack,R
H-FL-04,house,FL,4,-5.0,False,Aaron Bean,R
H-FL-05,house,FL,5,-10.0,False,John Rutherford,R
H-FL-06,house,FL,6,-14.0,False,Randy Fine,R
H-FL-07,house,FL,7,-5.0,False,Cory Mills,R
H-FL-08,house,FL,8,-8.0,False,Mike Haridopolos,R
H-FL-09,house,FL,9,-8.0,True,Darren Soto,D
H-FL-10,house,FL,10,13.0,False,Maxwell Frost,D
H-FL-11,house,FL,11,-7.0,False,Daniel Webster,R
H-FL-12,house,FL,12,-7.0,False,Gus Bilirakis,R
H-FL-13,house,FL,13,-6.0,False,Anna Paulina Luna,R
H-FL-14,house,FL,14,-4.0,True,Kathy Castor,D
H-FL-15,house,FL,15,-9.0,False,Laurel Lee,R
H-FL-16,house,FL,16,-6.0,False,Vern Buchanan,R
H-FL-17,house,FL,17,-10.0,False,Greg Steube,R
H-FL-18,house,FL,18,-8.0,False,Scott Franklin,R
H-FL-19,house,FL,19,-14.0,False,Byron Donalds,R
H-FL-20,house,FL,20,20.0,False,,
H-FL-21,house,FL,21,-7.0,False,Brian Mast,R
H-FL-22,house,FL,22,-4.0,True,,
H-FL-23,house,FL,23,9.0,False,Lois Frankel,D
H-FL-24,house,FL,24,22.0,False,Frederica Wilson,D
H-FL-25,house,FL,25,-3.0,True,Jared Moskowitz,D
H-FL-26,house,FL,26,-7.0,False,Mario Díaz-Balart,R
H-FL-27,house,FL,27,-6.0,False,María Elvira Salazar,R
H-FL-28,house,FL,28,-10.0,False,Carlos A. Giménez,R
H-GA-01,house,GA,1,-8.0,False,Buddy Carter,R
H-GA-02,house,GA,2,4.0,False,Sanford Bishop,D
H-GA-03,house,GA,3,-15.0,False,Brian Jack,R
H-GA-04,house,GA,4,27.0,False,Hank Johnson,D
H-GA-05,house,GA,5,36.0,False,Nikema Williams,D
H-GA-06,house,GA,6,25.0,False,Lucy McBath,D
H-GA-07,house,GA,7,-11.0,False,Rich McCormick,R
H-GA-08,house,GA,8,-15.0,False,Austin Scott,R
H-GA-09,house,GA,9,-17.0,False,Andrew Clyde,R
H-GA-10,house,GA,10,-11.0,False,Mike Collins,R
H-GA-11,house,GA,11,-12.0,False,Barry Loudermilk,R
H-GA-12,house,GA,12,-7.0,False,Rick Allen,R
H-GA-13,house,GA,13,21.0,False,Everton Blair,D
H-GA-14,house,GA,14,-19.0,False,Clay Fuller,R
H-HI-01,house,HI,1,13.0,False,Ed Case,D
H-HI-02,house,HI,2,12.0,False,Jill Tokuda,D
H-IA-01,house,IA,1,-4.0,False,Mariannette Miller-Meeks,R
H-IA-02,house,IA,2,-4.0,False,Ashley Hinson,R
H-IA-03,house,IA,3,-2.0,False,Zach Nunn,R
H-IA-04,house,IA,4,-15.0,False,Randy Feenstra,R
H-ID-01,house,ID,1,-22.0,False,Russ Fulcher,R
H-ID-02,house,ID,2,-13.0,False,Mike Simpson,R
H-IL-01,house,IL,1,18.0,False,Jonathan Jackson,D
H-IL-02,house,IL,2,18.0,False,Robin Kelly,D
H-IL-03,house,IL,3,17.0,False,Delia Ramirez,D
H-IL-04,house,IL,4,17.0,False,Chuy García,D
H-IL-05,house,IL,5,19.0,False,Mike Quigley,D
H-IL-06,house,IL,6,3.0,False,Sean Casten,D
H-IL-07,house,IL,7,34.0,False,Danny Davis,D
H-IL-08,house,IL,8,5.0,False,Raja Krishnamoorthi,D
H-IL-09,house,IL,9,19.0,False,Jan Schakowsky,D
H-IL-10,house,IL,10,12.0,False,Brad Schneider,D
H-IL-11,house,IL,11,6.0,False,Bill Foster,D
H-IL-12,house,IL,12,-22.0,False,Mike Bost,R
H-IL-13,house,IL,13,5.0,False,Nikki Budzinski,D
H-IL-14,house,IL,14,3.0,False,Lauren Underwood,D
H-IL-15,house,IL,15,-20.0,False,Mary Miller,R
H-IL-16,house,IL,16,-11.0,False,Darin LaHood,R
H-IL-17,house,IL,17,3.0,False,Eric Sorensen,D
H-IN-01,house,IN,1,1.0,False,Frank J. Mrvan,D
H-IN-02,house,IN,2,-13.0,False,Rudy Yakym,R
H-IN-03,house,IN,3,-16.0,False,Marlin Stutzman,R
H-IN-04,house,IN,4,-15.0,False,Jim Baird,R
H-IN-05,house,IN,5,-8.0,False,Victoria Spartz,R
H-IN-06,house,IN,6,-16.0,False,Jefferson Shreve,R
H-IN-07,house,IN,7,21.0,False,André Carson,D
H-IN-08,house,IN,8,-18.0,False,Mark Messmer,R
H-IN-09,house,IN,9,-15.0,False,Erin Houchin,R
H-KS-01,house,KS,1,-16.0,False,Tracey Mann,R
H-KS-02,house,KS,2,-10.0,False,Derek Schmidt,R
H-KS-03,house,KS,3,2.0,False,Sharice Davids,D
H-KS-04,house,KS,4,-12.0,False,Ron Estes,R
H-KY-01,house,KY,1,-23.0,False,James Comer,R
H-KY-02,house,KY,2,-20.0,False,Brett Guthrie,R
H-KY-03,house,KY,3,10.0,False,Morgan McGarvey,D
H-KY-04,house,KY,4,-18.0,False,Thomas Massie,R
H-KY-05,house,KY,5,-32.0,False,Hal Rogers,R
H-KY-06,house,KY,6,-7.0,False,Andy Barr,R
H-LA-01,house,LA,1,-20.0,False,Steve Scalise,R
H-LA-02,house,LA,2,25.0,False,Troy Carter,D
H-LA-03,house,LA,3,-18.0,False,Clay Higgins,R
H-LA-04,house,LA,4,-17.0,False,Mike Johnson,R
H-LA-05,house,LA,5,-17.0,False,Julia Letlow,R
H-LA-06,house,LA,6,-16.0,True,Cleo Fields,D
H-MA-01,house,MA,1,8.0,False,Richard Neal,D
H-MA-02,house,MA,2,13.0,False,Jim McGovern,D
H-MA-03,house,MA,3,11.0,False,Lori Trahan,D
H-MA-04,house,MA,4,11.0,False,Jake Auchincloss,D
H-MA-05,house,MA,5,24.0,False,Katherine Clark,D
H-MA-06,house,MA,6,11.0,False,Seth Moulton,D
H-MA-07,house,MA,7,34.0,False,Ayanna Pressley,D
H-MA-08,house,MA,8,15.0,False,Stephen Lynch,D
H-MA-09,house,MA,9,6.0,False,Bill Keating,D
H-MD-01,house,MD,1,-8.0,False,Andy Harris,R
H-MD-02,house,MD,2,10.0,False,Johnny Olszewski,D
H-MD-03,house,MD,3,12.0,False,Sarah Elfreth,D
H-MD-04,house,MD,4,39.0,False,Glenn Ivey,D
H-MD-05,house,MD,5,17.0,False,Steny Hoyer,D
H-MD-06,house,MD,6,3.0,False,April McClain Delaney,D
H-MD-07,house,MD,7,31.0,False,Kweisi Mfume,D
H-MD-08,house,MD,8,30.0,False,Jamie Raskin,D
H-ME-01,house,ME,1,11.0,False,Chellie Pingree,D
H-ME-02,house,ME,2,-4.0,False,Jared Golden,D
H-MI-01,house,MI,1,-11.0,False,Jack Bergman,R
H-MI-02,house,MI,2,-15.0,False,John Moolenaar,R
H-MI-03,house,MI,3,4.0,False,Hillary Scholten,D
H-MI-04,house,MI,4,-3.0,False,Bill Huizenga,R
H-MI-05,house,MI,5,-13.0,False,Tim Walberg,R
H-MI-06,house,MI,6,12.0,False,Debbie Dingell,D
H-MI-07,house,MI,7,0.0,False,Tom Barrett,R
H-MI-08,house,MI,8,-1.0,False,Kristen McDonald Rivet,D
H-MI-09,house,MI,9,-16.0,False,Lisa McClain,R
H-MI-10,house,MI,10,-3.0,False,John James,R
H-MI-11,house,MI,11,9.0,False,Haley Stevens,D
H-MI-12,house,MI,12,21.0,False,Rashida Tlaib,D
H-MI-13,house,MI,13,22.0,False,Shri Thanedar,D
H-MN-01,house,MN,1,-6.0,False,Brad Finstad,R
H-MN-02,house,MN,2,3.0,False,Angie Craig,D
H-MN-03,house,MN,3,11.0,False,Kelly Morrison,D
H-MN-04,house,MN,4,18.0,False,Betty McCollum,D
H-MN-05,house,MN,5,32.0,False,Ilhan Omar,D
H-MN-06,house,MN,6,-10.0,False,Tom Emmer,R
H-MN-07,house,MN,7,-18.0,False,Michelle Fischbach,R
H-MN-08,house,MN,8,-7.0,False,Pete Stauber,R
H-MO-01,house,MO,1,29.0,False,Wesley Bell,D
H-MO-02,house,MO,2,-4.0,False,Ann Wagner,R
H-MO-03,house,MO,3,-13.0,False,Bob Onder,R
H-MO-04,house,MO,4,-21.0,False,Mark Alford,R
H-MO-05,house,MO,5,12.0,False,Emanuel Cleaver,D
H-MO-06,house,MO,6,-19.0,False,Sam Graves,R
H-MO-07,house,MO,7,-21.0,False,Eric Burlison,R
H-MO-08,house,MO,8,-27.0,False,Jason Smith,R
H-MS-01,house,MS,1,-18.0,False,Trent Kelly,R
H-MS-02,house,MS,2,11.0,False,Bennie Thompson,D
H-MS-03,house,MS,3,-14.0,False,Michael Guest,R
H-MS-04,house,MS,4,-21.0,False,Mike Ezell,R
H-MT-01,house,MT,1,-5.0,False,Ryan Zinke,R
H-MT-02,house,MT,2,-15.0,False,Troy Downing,R
H-NC-01,house,NC,1,-5.0,False,Don Davis,D
H-NC-02,house,NC,2,17.0,False,Deborah Ross,D
H-NC-03,house,NC,3,-6.0,False,Greg Murphy,R
H-NC-04,house,NC,4,23.0,False,Valerie Foushee,D
H-NC-05,house,NC,5,-9.0,False,Virginia Foxx,R
H-NC-06,house,NC,6,-9.0,False,Addison McDowell,R
H-NC-07,house,NC,7,-7.0,False,David Rouzer,R
H-NC-08,house,NC,8,-10.0,False,Mark Harris,R
H-NC-09,house,NC,9,-8.0,False,Richard Hudson,R
H-NC-10,house,NC,10,-9.0,False,Pat Harrigan,R
H-NC-11,house,NC,11,-5.0,False,Chuck Edwards,R
H-NC-12,house,NC,12,24.0,False,Alma Adams,D
H-NC-13,house,NC,13,-8.0,False,Brad Knott,R
H-NC-14,house,NC,14,-8.0,False,Tim Moore,R
H-ND-01,house,ND,1,-18.0,False,Julie Fedorchak,R
H-NE-01,house,NE,1,-6.0,False,Mike Flood,R
H-NE-02,house,NE,2,3.0,False,Don Bacon,R
H-NE-03,house,NE,3,-27.0,False,Adrian Smith,R
H-NH-01,house,NH,1,2.0,False,Chris Pappas,D
H-NH-02,house,NH,2,2.0,False,Maggie Goodlander,D
H-NJ-01,house,NJ,1,10.0,False,Donald Norcross,D
H-NJ-02,house,NJ,2,-5.0,False,Jeff Van Drew,R
H-NJ-03,house,NJ,3,5.0,False,Herb Conaway,D
H-NJ-04,house,NJ,4,-14.0,False,Chris Smith,R
H-NJ-05,house,NJ,5,2.0,False,Josh Gottheimer,D
H-NJ-06,house,NJ,6,5.0,False,Frank Pallone,D
H-NJ-07,house,NJ,7,0.0,False,Thomas Kean Jr.,R
H-NJ-08,house,NJ,8,15.0,False,Rob Menendez,D
H-NJ-09,house,NJ,9,2.0,False,Nellie Pou,D
H-NJ-10,house,NJ,10,27.0,False,LaMonica McIver,D
H-NJ-11,house,NJ,11,5.0,False,Analilia Mejia,D
H-NJ-12,house,NJ,12,13.0,False,Bonnie Watson Coleman,D
H-NM-01,house,NM,1,7.0,False,Melanie Stansbury,D
H-NM-02,house,NM,2,0.0,False,Gabe Vasquez,D
H-NM-03,house,NM,3,3.0,False,Teresa Leger Fernandez,D
H-NV-01,house,NV,1,2.0,False,Dina Titus,D
H-NV-02,house,NV,2,-7.0,False,Mark Amodei,R
H-NV-03,house,NV,3,1.0,False,Susie Lee,D
H-NV-04,house,NV,4,2.0,False,Steven Horsford,D
H-NY-01,house,NY,1,-4.0,False,Nick LaLota,R
H-NY-02,house,NY,2,-6.0,False,Andrew Garbarino,R
H-NY-03,house,NY,3,0.0,False,Tom Suozzi,D
H-NY-04,house,NY,4,2.0,False,Laura Gillen,D
H-NY-05,house,NY,5,24.0,False,Gregory Meeks,D
H-NY-06,house,NY,6,6.0,False,Grace Meng,D
H-NY-07,house,NY,7,25.0,False,Nydia Velázquez,D
H-NY-08,house,NY,8,24.0,False,Hakeem Jeffries,D
H-NY-09,house,NY,9,22.0,False,Yvette Clarke,D
H-NY-10,house,NY,10,32.0,False,Dan Goldman,D
H-NY-11,house,NY,11,-10.0,False,Nicole Malliotakis,R
H-NY-12,house,NY,12,33.0,False,Jerry Nadler,D
H-NY-13,house,NY,13,32.0,False,Adriano Espaillat,D
H-NY-14,house,NY,14,19.0,False,Alexandria Ocasio-Cortez,D
H-NY-15,house,NY,15,27.0,False,Ritchie Torres,D
H-NY-16,house,NY,16,18.0,False,George Latimer,D
H-NY-17,house,NY,17,1.0,False,Mike Lawler,R
H-NY-18,house,NY,18,2.0,False,Pat Ryan,D
H-NY-19,house,NY,19,1.0,False,Josh Riley,D
H-NY-20,house,NY,20,8.0,False,Paul Tonko,D
H-NY-21,house,NY,21,-10.0,False,Elise Stefanik,R
H-NY-22,house,NY,22,4.0,False,John Mannion,D
H-NY-23,house,NY,23,-10.0,False,Nick Langworthy,R
H-NY-24,house,NY,24,-11.0,False,Claudia Tenney,R
H-NY-25,house,NY,25,10.0,False,Joseph Morelle,D
H-NY-26,house,NY,26,11.0,False,Tim Kennedy,D
H-OH-01,house,OH,1,-1.0,True,Greg Landsman,D
H-OH-02,house,OH,2,-21.0,False,David Taylor,R
H-OH-03,house,OH,3,21.0,False,Joyce Beatty,D
H-OH-04,house,OH,4,-21.0,False,Jim Jordan,R
H-OH-05,house,OH,5,-12.0,False,Bob Latta,R
H-OH-06,house,OH,6,-17.0,False,Michael Rulli,R
H-OH-07,house,OH,7,-5.0,False,Max Miller,R
H-OH-08,house,OH,8,-8.0,False,Warren Davidson,R
H-OH-09,house,OH,9,-5.0,False,Marcy Kaptur,D
H-OH-10,house,OH,10,-4.0,False,Mike Turner,R
H-OH-11,house,OH,11,28.0,False,Shontel Brown,D
H-OH-12,house,OH,12,-15.0,False,Troy Balderson,R
H-OH-13,house,OH,13,2.0,False,Emilia Sykes,D
H-OH-14,house,OH,14,-10.0,False,David Joyce,R
H-OH-15,house,OH,15,-5.0,False,Mike Carey,R
H-OK-01,house,OK,1,-11.0,False,Kevin Hern,R
H-OK-02,house,OK,2,-28.0,False,Josh Brecheen,R
H-OK-03,house,OK,3,-23.0,False,Frank Lucas,R
H-OK-04,house,OK,4,-17.0,False,Tom Cole,R
H-OK-05,house,OK,5,-9.0,False,Stephanie Bice,R
H-OR-01,house,OR,1,20.0,False,Suzanne Bonamici,D
H-OR-02,house,OR,2,-14.0,False,Cliff Bentz,R
H-OR-03,house,OR,3,24.0,False,Maxine Dexter,D
H-OR-04,house,OR,4,6.0,False,Val Hoyle,D
H-OR-05,house,OR,5,4.0,False,Janelle Bynum,D
H-OR-06,house,OR,6,6.0,False,Andrea Salinas,D
H-PA-01,house,PA,1,1.0,False,Brian Fitzpatrick,R
H-PA-02,house,PA,2,19.0,False,Brendan Boyle,D
H-PA-03,house,PA,3,40.0,False,Dwight Evans,D
H-PA-04,house,PA,4,8.0,False,Madeleine Dean,D
H-PA-05,house,PA,5,15.0,False,Mary Gay Scanlon,D
H-PA-06,house,PA,6,6.0,False,Chrissy Houlahan,D
H-PA-07,house,PA,7,-1.0,False,Ryan Mackenzie,R
H-PA-08,house,PA,8,-4.0,False,Rob Bresnahan,R
H-PA-09,house,PA,9,-19.0,False,Dan Meuser,R
H-PA-10,house,PA,10,-3.0,False,Scott Perry,R
H-PA-11,house,PA,11,-11.0,False,Lloyd Smucker,R
H-PA-12,house,PA,12,10.0,False,Summer Lee,D
H-PA-13,house,PA,13,-23.0,False,John Joyce,R
H-PA-14,house,PA,14,-17.0,False,Guy Reschenthaler,R
H-PA-15,house,PA,15,-19.0,False,Glenn Thompson,R
H-PA-16,house,PA,16,-11.0,False,Mike Kelly,R
H-PA-17,house,PA,17,3.0,False,Chris Deluzio,D
H-RI-01,house,RI,1,12.0,False,Gabe Amo,D
H-RI-02,house,RI,2,4.0,False,Seth Magaziner,D
H-SC-01,house,SC,1,-6.0,False,Nancy Mace,R
H-SC-02,house,SC,2,-7.0,False,Joe Wilson,R
H-SC-03,house,SC,3,-21.0,False,Sheri Biggs,R
H-SC-04,house,SC,4,-11.0,False,William Timmons,R
H-SC-05,house,SC,5,-11.0,False,Ralph Norman,R
H-SC-06,house,SC,6,13.0,False,Jim Clyburn,D
H-SC-07,house,SC,7,-12.0,False,Russell Fry,R
H-SD-01,house,SD,1,-15.0,False,Dusty Johnson,R
H-TN-01,house,TN,1,-29.0,False,Diana Harshbarger,R
H-TN-02,house,TN,2,-17.0,False,Tim Burchett,R
H-TN-03,house,TN,3,-18.0,False,Chuck Fleischmann,R
H-TN-04,house,TN,4,-11.0,False,Scott DesJarlais,R
H-TN-05,house,TN,5,-10.0,False,Andy Ogles,R
H-TN-06,house,TN,6,-13.0,False,John Rose,R
H-TN-07,house,TN,7,-11.0,False,Matt Van Epps,R
H-TN-08,house,TN,8,-10.0,False,David Kustoff,R
H-TN-09,house,TN,9,-9.0,True,Steve Cohen,D
H-TX-01,house,TX,1,-24.0,False,Nathaniel Moran,R
H-TX-02,house,TX,2,-11.0,False,Dan Crenshaw,R
H-TX-03,house,TX,3,-11.0,False,Keith Self,R
H-TX-04,house,TX,4,-12.0,False,Pat Fallon,R
H-TX-05,house,TX,5,-10.0,False,Lance Gooden,R
H-TX-06,house,TX,6,-11.0,False,Jake Ellzey,R
H-TX-07,house,TX,7,13.0,False,Lizzie Fletcher,D
H-TX-08,house,TX,8,-13.0,False,Morgan Luttrell,R
H-TX-09,house,TX,9,-9.0,True,,
H-TX-10,house,TX,10,-10.0,False,Michael McCaul,R
H-TX-11,house,TX,11,-17.0,False,August Pfluger,R
H-TX-12,house,TX,12,-11.0,False,Craig Goldman,R
H-TX-13,house,TX,13,-23.0,False,Ronny Jackson,R
H-TX-14,house,TX,14,-12.0,False,Randy Weber,R
H-TX-15,house,TX,15,-7.0,False,Monica De La Cruz,R
H-TX-16,house,TX,16,11.0,False,Veronica Escobar,D
H-TX-17,house,TX,17,-10.0,False,Pete Sessions,R
H-TX-18,house,TX,18,29.0,False,Christian Menefee,D
H-TX-19,house,TX,19,-25.0,False,Jodey Arrington,R
H-TX-20,house,TX,20,16.0,False,Joaquin Castro,D
H-TX-21,house,TX,21,-10.0,False,Chip Roy,R
H-TX-22,house,TX,22,-11.0,False,Troy Nehls,R
H-TX-23,house,TX,23,-7.0,False,,
H-TX-24,house,TX,24,-8.0,False,Beth Van Duyne,R
H-TX-25,house,TX,25,-11.0,False,Roger Williams,R
H-TX-26,house,TX,26,-11.0,False,Brandon Gill,R
H-TX-27,house,TX,27,-10.0,False,Michael Cloud,R
H-TX-28,house,TX,28,-3.0,False,Henry Cuellar,D
H-TX-29,house,TX,29,17.0,False,Sylvia Garcia,D
H-TX-30,house,TX,30,25.0,False,,
H-TX-31,house,TX,31,-11.0,False,John Carter,R
H-TX-32,house,TX,32,-8.0,True,,
H-TX-33,house,TX,33,18.0,False,Jasmine Crockett,D
H-TX-34,house,TX,34,-3.0,False,Vicente Gonzalez,D
H-TX-35,house,TX,35,-4.0,True,,
H-TX-36,house,TX,36,-12.0,False,Brian Babin,R
H-TX-37,house,TX,37,30.0,False,Lloyd Doggett,D
H-TX-38,house,TX,38,-10.0,False,Wesley Hunt,R
H-UT-01,house,UT,1,12.0,True,,
H-UT-02,house,UT,2,-15.0,False,Blake Moore,R
H-UT-03,house,UT,3,-21.0,False,Celeste Maloy,R
H-UT-04,house,UT,4,-17.0,False,Burgess Owens,R
H-VA-01,house,VA,1,-3.0,False,Rob Wittman,R
H-VA-02,house,VA,2,0.0,False,Jen Kiggans,R
H-VA-03,house,VA,3,18.0,False,Bobby Scott,D
H-VA-04,house,VA,4,17.0,False,Jennifer McClellan,D
H-VA-05,house,VA,5,-6.0,False,John McGuire,R
H-VA-06,house,VA,6,-12.0,False,Ben Cline,R
H-VA-07,house,VA,7,2.0,False,Eugene Vindman,D
H-VA-08,house,VA,8,26.0,False,Don Beyer,D
H-VA-09,house,VA,9,-22.0,False,Morgan Griffith,R
H-VA-10,house,VA,10,6.0,False,Suhas Subramanyam,D
H-VA-11,house,VA,11,18.0,False,James Walkinshaw,D
H-VT-01,house,VT,1,17.0,False,Becca Balint,D
H-WA-01,house,WA,1,15.0,False,Suzan DelBene,D
H-WA-02,house,WA,2,12.0,False,Rick Larsen,D
H-WA-03,house,WA,3,-2.0,False,Marie Gluesenkamp Perez,D
H-WA-04,house,WA,4,-10.0,False,Dan Newhouse,R
H-WA-05,house,WA,5,-5.0,False,Michael Baumgartner,R
H-WA-06,house,WA,6,10.0,False,Emily Randall,D
H-WA-07,house,WA,7,39.0,False,Pramila Jayapal,D
H-WA-08,house,WA,8,3.0,False,Kim Schrier,D
H-WA-09,house,WA,9,22.0,False,Adam Smith,D
H-WA-10,house,WA,10,9.0,False,Marilyn Strickland,D
H-WI-01,house,WI,1,-2.0,False,Bryan Steil,R
H-WI-02,house,WI,2,21.0,False,Mark Pocan,D
H-WI-03,house,WI,3,-3.0,False,Derrick Van Orden,R
H-WI-04,house,WI,4,26.0,False,Gwen Moore,D
H-WI-05,house,WI,5,-11.0,False,Scott Fitzgerald,R
H-WI-06,house,WI,6,-8.0,False,Glenn Grothman,R
H-WI-07,house,WI,7,-11.0,False,Tom Tiffany,R
H-WI-08,house,WI,8,-8.0,False,Tony Wied,R
H-WV-01,house,WV,1,-22.0,False,Carol Miller,R
H-WV-02,house,WV,2,-20.0,False,Riley Moore,R
H-WY-01,house,WY,1,-23.0,False,Harriet Hageman,R
S-AK,senate,AK,0,-6.0,False,Dan Sullivan,R
S-AL,senate,AL,0,-15.0,False,Tommy Tuberville,R
S-AR,senate,AR,0,-15.0,False,Tom Cotton,R
S-CO,senate,CO,0,6.0,False,John Hickenlooper,D
S-DE,senate,DE,0,8.0,False,Chris Coons,D
S-FL,senate,FL,0,-5.0,False,Ashley Moody,R
S-GA,senate,GA,0,-1.0,False,Jon Ossoff,D
S-IA,senate,IA,0,-6.0,False,Joni Ernst,R
S-ID,senate,ID,0,-18.0,False,Jim Risch,R
S-IL,senate,IL,0,6.0,False,Dick Durbin,D
S-KS,senate,KS,0,-8.0,False,Roger Marshall,R
S-KY,senate,KY,0,-15.0,False,Mitch McConnell,R
S-LA,senate,LA,0,-11.0,False,Bill Cassidy,R
S-MA,senate,MA,0,14.0,False,Ed Markey,D
S-ME,senate,ME,0,4.0,False,Susan Collins,R
S-MI,senate,MI,0,0.0,False,Gary Peters,D
S-MN,senate,MN,0,3.0,False,Tina Smith,D
S-MS,senate,MS,0,-11.0,False,Cindy Hyde-Smith,R
S-MT,senate,MT,0,-10.0,False,Steve Daines,R
S-NC,senate,NC,0,-1.0,False,Thom Tillis,R
S-NE,senate,NE,0,-10.0,False,Pete Ricketts,R
S-NH,senate,NH,0,2.0,False,Jeanne Shaheen,D
S-NJ,senate,NJ,0,4.0,False,Cory Booker,D
S-NM,senate,NM,0,4.0,False,Ben Ray Luján,D
S-OH,senate,OH,0,-5.0,False,Jon Husted,R
S-OK,senate,OK,0,-17.0,False,Alan Armstrong,R
S-OR,senate,OR,0,8.0,False,Jeff Merkley,D
S-RI,senate,RI,0,8.0,False,Jack Reed,D
S-SC,senate,SC,0,-8.0,False,Darline Graham,R
S-SD,senate,SD,0,-15.0,False,Mike Rounds,R
S-TN,senate,TN,0,-14.0,False,Bill Hagerty,R
S-TX,senate,TX,0,-6.0,False,John Cornyn,R
S-VA,senate,VA,0,3.0,False,Mark Warner,D
S-WV,senate,WV,0,-21.0,False,Shelley Moore Capito,R
S-WY,senate,WY,0,-23.0,False,Cynthia Lummis,R
G-AK,governor,AK,0,-6.0,False,Mike Dunleavy,R
G-AL,governor,AL,0,-15.0,False,Kay Ivey,R
G-AR,governor,AR,0,-15.0,False,Sarah Huckabee Sanders,R
G-AZ,governor,AZ,0,-2.0,False,Katie Hobbs,D
G-CA,governor,CA,0,12.0,False,Gavin Newsom,D
G-CO,governor,CO,0,6.0,False,Jared Polis,D
G-CT,governor,CT,0,8.0,False,Ned Lamont,D
G-FL,governor,FL,0,-5.0,False,Ron DeSantis,R
G-GA,governor,GA,0,-1.0,False,Brian Kemp,R
G-HI,governor,HI,0,13.0,False,Josh Green,D
G-IA,governor,IA,0,-6.0,False,Kim Reynolds,R
G-ID,governor,ID,0,-18.0,False,Brad Little,R
G-IL,governor,IL,0,6.0,False,JB Pritzker,D
G-KS,governor,KS,0,-8.0,False,Laura Kelly,D
G-MA,governor,MA,0,14.0,False,Maura Healey,D
G-MD,governor,MD,0,15.0,False,Wes Moore,D
G-ME,governor,ME,0,4.0,False,Janet Mills,D
G-MI,governor,MI,0,0.0,False,Gretchen Whitmer,D
G-MN,governor,MN,0,3.0,False,Tim Walz,D
G-NE,governor,NE,0,-10.0,False,Jim Pillen,R
G-NH,governor,NH,0,2.0,False,Kelly Ayotte,R
G-NM,governor,NM,0,4.0,False,Michelle Lujan Grisham,D
G-NV,governor,NV,0,-1.0,False,Joe Lombardo,R
G-NY,governor,NY,0,8.0,False,Kathy Hochul,D
G-OH,governor,OH,0,-5.0,False,Mike DeWine,R
G-OK,governor,OK,0,-17.0,False,Kevin Stitt,R
G-OR,governor,OR,0,8.0,False,Tina Kotek,D
G-PA,governor,PA,0,-1.0,False,Josh Shapiro,D
G-RI,governor,RI,0,8.0,False,Dan McKee,D
G-SC,governor,SC,0,-8.0,False,Henry McMaster,R
G-SD,governor,SD,0,-15.0,False,Larry Rhoden,R
G-TN,governor,TN,0,-14.0,False,Bill Lee,R
G-TX,governor,TX,0,-6.0,False,Greg Abbott,R
G-VT,governor,VT,0,17.0,False,Phil Scott,R
G-WI,governor,WI,0,0.0,False,Tony Evers,D
G-WY,governor,WY,0,-23.0,False,Mark Gordon,R
